user_id,signup_date,last_active_days_ago,plan_type,monthly_usage,feature_A_used,feature_B_used,support_tickets,churned,risk_score,risk_level,predicted
1,2023-04-13,10,free,13,0,1,2,0,15.7,Medium,0
2,2023-12-15,2,premium,29,1,1,1,0,7.3999999999999995,Low,0
3,2023-09-28,0,free,40,0,1,1,0,3.3,Low,0
4,2023-04-17,5,free,3,1,0,2,0,16.700000000000003,Medium,0
5,2023-03-13,17,free,3,1,0,0,1,20.9,High,1
6,2023-07-08,23,basic,27,1,0,0,0,16.1,Medium,0
7,2023-01-21,9,free,7,1,0,4,0,17.7,Medium,0
8,2023-04-13,4,premium,1,1,0,3,0,17.2,Medium,0
9,2023-05-02,22,free,40,1,1,1,0,12.100000000000001,Medium,0
10,2023-08-03,9,premium,45,0,1,1,0,5.3999999999999995,Low,0
11,2023-11-27,11,free,21,0,0,1,0,13.4,Medium,0
12,2023-03-29,1,premium,40,1,0,3,0,4.3,Low,0
13,2023-04-10,12,basic,15,1,0,4,0,16.5,Medium,0
14,2023-12-26,7,basic,28,1,0,3,0,10.3,Medium,0
15,2023-06-01,1,premium,48,1,1,0,0,1.0,Low,0
16,2023-05-11,19,basic,47,1,0,0,0,8.5,Low,0
17,2023-05-30,0,basic,29,1,0,1,0,6.6,Low,0
18,2023-11-05,4,free,11,1,0,2,0,13.899999999999999,Medium,0
19,2023-09-15,8,free,34,0,1,1,0,8.3,Low,0
20,2023-12-10,16,premium,10,1,1,2,0,19.0,Medium,0
21,2023-10-21,8,basic,45,0,0,3,0,5.6,Low,0
22,2023-07-11,10,basic,49,0,1,0,0,4.3,Low,0
23,2023-10-04,14,free,20,1,1,2,0,15.200000000000001,Medium,0
24,2023-06-10,23,free,20,0,1,3,0,19.1,Medium,0
25,2023-11-10,5,free,4,0,0,0,0,15.799999999999999,Medium,0
26,2023-01-22,22,basic,47,0,1,2,0,10.3,Medium,0
27,2023-09-10,2,free,19,1,1,1,0,10.4,Medium,0
28,2023-08-24,29,free,36,1,1,1,0,16.1,Medium,0
29,2023-12-11,16,free,2,1,1,1,1,21.099999999999998,High,1
30,2023-02-18,4,free,43,1,1,3,0,4.6,Low,0
31,2023-02-28,29,basic,32,1,0,1,0,17.3,Medium,0
32,2023-06-19,27,free,8,0,1,4,0,24.599999999999998,High,0
33,2023-07-07,11,basic,8,1,1,0,0,17.0,Medium,0
34,2023-09-28,17,free,3,1,1,3,1,21.799999999999997,High,1
35,2023-07-09,13,free,34,1,0,1,0,10.3,Medium,0
36,2023-06-24,20,free,16,0,1,0,0,18.2,Medium,0
37,2023-02-20,23,free,33,1,1,2,0,14.9,Medium,0
38,2023-12-30,10,free,23,1,0,1,0,12.4,Medium,0
39,2023-02-24,8,free,31,0,1,0,0,8.9,Low,0
40,2023-09-01,1,basic,0,1,1,4,0,16.6,Medium,0
41,2023-11-16,11,free,7,0,1,2,0,17.900000000000002,Medium,0
42,2023-05-11,2,basic,44,0,0,4,0,3.8,Low,0
43,2023-11-03,2,premium,22,1,0,0,0,9.200000000000001,Low,0
44,2023-05-15,0,basic,46,0,1,4,0,2.4,Low,0
45,2023-01-21,7,free,39,1,0,0,0,6.1,Low,0
46,2023-11-25,21,free,11,1,1,0,0,20.1,High,0
47,2023-06-16,27,free,11,0,0,4,0,23.7,High,0
48,2023-10-01,28,free,45,1,1,0,0,12.700000000000001,Medium,0
49,2023-03-30,7,premium,46,0,0,1,0,4.3,Low,0
50,2023-11-12,10,free,14,0,1,0,0,14.799999999999999,Medium,0
51,2023-01-14,8,free,40,0,0,3,0,7.1,Low,0
52,2023-08-30,4,basic,18,0,0,0,0,11.2,Medium,0
53,2023-09-22,13,basic,25,0,0,3,0,13.6,Medium,0
54,2023-12-12,27,basic,28,1,0,0,0,17.4,Medium,0
55,2023-02-22,29,free,21,1,1,0,0,20.3,High,0
56,2023-12-06,2,free,39,0,1,4,0,5.3,Low,0
57,2023-04-02,20,basic,20,1,0,1,0,17.3,Medium,0
58,2023-09-21,4,free,37,1,1,1,0,5.8,Low,0
59,2023-02-04,4,free,19,1,0,2,0,11.499999999999998,Medium,0
60,2023-07-25,18,free,28,1,1,4,0,15.0,Medium,0
61,2023-03-22,26,free,3,0,1,4,1,25.7,High,1
62,2023-02-19,13,free,6,0,1,1,0,18.7,Medium,0
63,2023-12-26,25,free,27,1,0,4,0,18.099999999999998,Medium,0
64,2023-01-02,29,basic,27,1,1,1,0,18.8,Medium,0
65,2023-02-23,3,basic,3,0,0,4,0,16.5,Medium,0
66,2023-04-16,24,premium,21,0,1,0,0,18.3,Medium,0
67,2023-09-17,12,free,11,1,0,1,0,16.8,Medium,0
68,2023-11-06,9,free,44,1,1,1,0,5.7,Low,0
69,2023-07-10,24,free,2,1,1,3,1,24.9,High,1
70,2023-08-06,17,basic,21,1,1,4,0,16.7,Medium,0
71,2023-02-13,7,basic,43,0,0,4,0,6.1000000000000005,Low,0
72,2023-06-11,7,free,1,1,1,1,0,17.8,Medium,0
73,2023-07-21,6,premium,23,1,0,0,0,10.5,Medium,0
74,2023-09-27,7,free,33,0,1,0,0,7.9,Low,0
75,2023-12-17,13,basic,26,1,0,0,0,12.399999999999999,Medium,0
76,2023-10-31,18,basic,40,1,0,4,0,11.399999999999999,Medium,0
77,2023-09-28,28,premium,0,0,1,3,1,27.1,High,1
78,2023-08-03,5,basic,7,1,0,1,0,15.200000000000001,Medium,0
79,2023-09-09,0,premium,22,1,0,2,0,9.0,Low,0
80,2023-07-09,22,free,37,1,0,3,0,13.600000000000001,Medium,0
81,2023-10-23,14,premium,5,0,0,2,0,19.700000000000003,Medium,0
82,2023-08-01,0,free,21,0,1,3,0,9.6,Low,0
83,2023-07-27,24,premium,24,1,1,0,0,17.400000000000002,Medium,0
84,2023-08-25,16,basic,17,0,0,4,0,17.5,Medium,0
85,2023-12-04,0,premium,16,1,0,2,0,10.799999999999999,Medium,0
86,2023-02-22,14,free,11,1,0,3,0,18.2,Medium,0
87,2023-10-07,22,basic,5,0,0,4,0,23.5,High,0
88,2023-08-05,1,basic,25,1,1,2,0,8.5,Low,0
89,2023-09-09,13,basic,26,1,1,1,0,12.7,Medium,0
90,2023-07-07,20,free,7,0,0,3,0,21.799999999999997,High,0
91,2023-02-10,7,free,18,1,0,1,0,12.700000000000001,Medium,0
92,2023-06-06,7,free,41,1,0,0,0,5.5,Low,0
93,2023-01-15,18,free,0,1,1,1,1,22.5,High,1
94,2023-10-28,6,premium,28,1,1,1,0,9.3,Low,0
95,2023-03-06,18,free,44,1,0,3,0,9.9,Low,0
96,2023-12-11,5,premium,48,1,0,0,0,2.6,Low,0
97,2023-11-23,5,free,34,1,1,1,0,7.1,Low,0
98,2023-01-09,2,free,39,1,1,4,0,5.3,Low,0
99,2023-12-10,6,basic,13,1,0,2,0,14.1,Medium,0
100,2023-05-09,18,basic,34,0,0,1,0,12.3,Medium,0
101,2023-05-16,7,free,47,1,0,0,0,3.7,Low,0
102,2023-03-04,9,basic,44,0,1,1,0,5.7,Low,0
103,2023-05-19,19,basic,19,0,0,2,0,17.5,Medium,0
104,2023-03-22,14,free,48,0,0,0,0,6.2,Low,0
105,2023-06-12,14,premium,12,1,1,3,0,17.9,Medium,0
106,2023-10-16,28,premium,37,1,0,0,0,15.100000000000001,Medium,0
107,2023-09-18,0,basic,48,1,1,3,0,1.5,Low,0
108,2023-08-19,19,free,45,1,0,0,0,9.100000000000001,Low,0
109,2023-02-10,29,basic,48,1,0,2,0,12.8,Medium,0
110,2023-01-28,6,free,7,1,1,2,0,15.9,Medium,0
111,2023-05-15,26,free,42,1,0,0,0,12.8,Medium,0
112,2023-07-20,3,free,19,0,1,1,0,10.8,Medium,0
113,2023-11-24,28,free,32,0,1,2,0,17.200000000000003,Medium,0
114,2023-09-25,5,premium,25,1,0,3,0,10.4,Medium,0
115,2023-02-02,24,basic,38,1,1,3,0,14.100000000000001,Medium,0
116,2023-02-17,0,basic,20,0,0,4,0,10.2,Medium,0
117,2023-03-03,28,free,48,0,1,3,0,12.700000000000001,Medium,0
118,2023-08-04,4,free,41,1,0,4,0,5.5,Low,0
119,2023-10-20,26,free,42,0,1,0,0,12.8,Medium,0
120,2023-04-09,22,premium,40,1,0,0,0,11.8,Medium,0
121,2023-06-21,0,free,8,1,0,0,0,12.6,Medium,0
122,2023-12-26,29,premium,23,1,1,1,0,20.000000000000004,High,0
123,2023-08-02,3,basic,36,0,1,1,0,5.7,Low,0
124,2023-02-04,21,free,48,1,0,4,0,10.2,Medium,0
125,2023-08-15,1,basic,40,1,0,3,0,4.3,Low,0
126,2023-04-11,9,free,16,1,1,3,0,14.7,Medium,0
127,2023-05-11,4,premium,23,1,1,0,0,9.7,Low,0
128,2023-09-14,26,premium,20,0,0,2,0,20.0,Medium,0
129,2023-01-05,9,free,38,1,0,1,0,7.499999999999999,Low,0
130,2023-08-06,0,free,40,1,0,1,0,3.3,Low,0
131,2023-09-12,21,basic,38,1,1,0,0,12.0,Medium,0
132,2023-12-25,5,premium,12,0,0,1,0,13.700000000000001,Medium,0
133,2023-10-10,12,free,10,1,0,0,0,16.8,Medium,0
134,2023-07-26,14,basic,45,1,1,4,0,8.3,Low,0
135,2023-01-15,3,basic,18,0,0,3,0,11.700000000000001,Medium,0
136,2023-12-12,12,basic,10,0,0,2,0,17.400000000000002,Medium,0
137,2023-02-11,23,free,12,1,0,3,0,21.5,High,0
138,2023-06-28,19,basic,45,0,0,3,0,10.000000000000002,Medium,0
139,2023-03-04,23,premium,44,0,0,4,0,12.2,Medium,0
140,2023-12-18,14,free,0,0,1,1,1,20.900000000000002,High,1
141,2023-08-19,28,free,39,1,0,2,0,15.1,Medium,0
142,2023-08-29,7,premium,43,1,1,1,0,5.2,Low,0
143,2023-02-21,4,free,18,1,1,3,0,12.1,Medium,0
144,2023-04-06,28,premium,11,0,1,0,0,22.9,High,0
145,2023-08-10,14,free,7,1,0,3,0,19.4,Medium,0
146,2023-08-19,3,free,7,1,0,1,0,14.400000000000002,Medium,0
147,2023-08-25,11,premium,44,1,0,3,0,7.1,Low,0
148,2023-05-23,12,free,11,1,0,0,0,16.5,Medium,0
149,2023-06-20,1,basic,47,0,0,4,0,2.5,Low,0
150,2023-01-29,26,free,32,1,1,1,0,16.1,Medium,0
151,2023-02-05,18,basic,44,0,0,3,0,9.9,Low,0
152,2023-01-13,18,free,25,1,0,1,0,15.0,Medium,0
153,2023-06-09,3,free,38,0,0,4,0,6.0,Low,0
154,2023-11-23,3,premium,27,0,1,3,0,9.0,Low,0
155,2023-07-06,25,free,4,0,0,3,1,24.699999999999996,High,1
156,2023-08-31,10,basic,7,1,1,1,0,17.2,Medium,0
157,2023-03-27,26,free,24,0,0,1,0,18.5,Medium,0
158,2023-10-11,4,basic,26,1,1,0,0,8.799999999999999,Low,0
159,2023-03-07,19,free,45,1,1,4,0,10.3,Medium,0
160,2023-06-19,10,premium,22,0,0,0,0,12.4,Medium,0
161,2023-02-14,29,free,29,1,0,3,0,18.8,Medium,0
162,2023-03-03,9,free,44,0,0,1,0,5.7,Low,0
163,2023-05-14,7,free,46,1,0,3,0,4.9,Low,0
164,2023-10-11,5,free,22,1,1,3,0,11.3,Medium,0
165,2023-01-28,5,basic,48,0,1,2,0,3.2,Low,0
166,2023-04-18,7,free,46,0,1,2,0,4.6,Low,0
167,2023-02-13,22,premium,19,0,1,3,0,19.0,Medium,0
168,2023-12-06,14,free,17,1,0,1,0,15.8,Medium,0
169,2023-10-13,25,free,17,1,0,3,0,20.799999999999997,High,0
170,2023-11-27,13,basic,1,1,1,2,1,20.5,High,1
171,2023-05-08,10,basic,3,1,0,1,0,18.400000000000002,Medium,0
172,2023-12-14,11,free,29,0,1,3,0,11.6,Medium,0
173,2023-08-19,25,free,32,1,0,4,0,16.599999999999998,Medium,0
174,2023-07-09,12,free,35,1,0,4,0,10.5,Medium,0
175,2023-08-13,7,basic,17,0,1,3,0,13.600000000000001,Medium,0
176,2023-10-10,29,basic,36,0,0,1,0,16.1,Medium,0
177,2023-05-01,17,free,18,0,1,3,0,17.299999999999997,Medium,0
178,2023-04-26,24,premium,46,1,1,3,0,11.700000000000001,Medium,0
179,2023-08-21,0,premium,27,1,1,2,0,7.499999999999999,Low,0
180,2023-09-16,14,basic,39,0,1,4,0,10.1,Medium,0
181,2023-12-25,7,premium,19,1,1,2,0,12.7,Medium,0
182,2023-07-17,27,free,48,0,1,2,0,12.0,Medium,0
183,2023-05-17,10,free,32,1,0,3,0,10.299999999999999,Medium,0
184,2023-11-14,11,free,11,0,0,2,0,16.700000000000003,Medium,0
185,2023-06-14,11,free,14,1,1,4,0,16.4,Medium,0
186,2023-08-13,3,basic,40,1,0,2,0,4.8,Low,0
187,2023-11-03,15,premium,38,1,0,4,0,10.799999999999999,Medium,0
188,2023-08-22,3,free,1,1,0,2,0,16.5,Medium,0
189,2023-06-21,4,free,28,0,1,4,0,9.399999999999999,Low,0
190,2023-06-01,23,free,40,0,1,2,0,12.8,Medium,0
191,2023-11-11,4,premium,9,0,0,2,0,14.499999999999998,Medium,0
192,2023-06-09,7,free,1,0,1,1,0,17.8,Medium,0
193,2023-04-06,9,basic,10,1,1,4,0,16.8,Medium,0
194,2023-08-21,16,free,12,0,1,4,0,19.0,Medium,0
195,2023-06-29,27,free,9,0,1,4,0,24.3,High,0
196,2023-04-23,25,premium,13,1,1,0,0,21.1,High,0
197,2023-11-14,8,premium,17,1,0,2,0,13.700000000000001,Medium,0
198,2023-02-21,21,free,8,1,1,4,0,22.2,High,0
199,2023-09-25,18,premium,38,0,0,0,0,10.8,Medium,0
200,2023-10-22,28,basic,27,0,1,1,0,18.400000000000002,Medium,0
201,2023-04-23,13,premium,2,1,1,4,1,20.799999999999997,High,1
202,2023-04-11,7,free,19,0,0,4,0,13.299999999999999,Medium,0
203,2023-04-23,8,basic,5,0,0,0,0,16.7,Medium,0
204,2023-03-22,21,free,26,1,1,2,0,16.2,Medium,0
205,2023-07-06,10,basic,1,1,0,1,0,19.0,Medium,1
206,2023-04-23,22,free,28,1,1,4,0,16.6,Medium,0
207,2023-01-02,0,free,37,0,0,2,0,4.5,Low,0
208,2023-05-10,13,free,2,0,0,1,1,19.9,Medium,1
209,2023-08-08,4,basic,15,1,1,3,0,13.0,Medium,0
210,2023-02-23,20,free,29,0,1,3,0,15.200000000000001,Medium,0
211,2023-12-09,25,basic,39,1,1,1,0,13.600000000000001,Medium,0
212,2023-08-12,13,premium,1,1,0,0,1,19.9,Medium,1
213,2023-08-13,3,free,16,1,1,1,0,11.7,Medium,0
214,2023-05-06,21,basic,40,0,1,1,0,11.700000000000001,Medium,0
215,2023-05-10,22,free,11,0,1,0,0,20.5,High,0
216,2023-02-22,24,premium,34,1,1,0,0,14.400000000000002,Medium,0
217,2023-06-21,0,free,42,1,1,2,0,3.0,Low,0
218,2023-08-06,21,basic,0,1,0,2,1,24.0,High,1
219,2023-06-09,22,premium,44,0,0,0,0,10.600000000000001,Medium,0
220,2023-07-17,18,premium,14,0,1,3,0,18.9,Medium,0
221,2023-09-04,7,basic,25,1,0,3,0,11.200000000000001,Medium,0
222,2023-11-20,14,free,36,1,1,1,0,10.100000000000001,Medium,0
223,2023-07-22,20,basic,20,1,0,4,0,18.2,Medium,0
224,2023-07-03,14,premium,48,0,1,1,0,6.5,Low,0
225,2023-05-03,8,basic,30,1,1,1,0,9.5,Low,0
226,2023-09-12,20,free,24,1,0,4,0,17.0,Medium,0
227,2023-10-21,8,premium,22,1,0,0,0,11.600000000000001,Medium,0
228,2023-10-07,9,basic,23,1,0,3,0,12.6,Medium,0
229,2023-11-21,19,basic,37,0,1,1,0,11.8,Medium,0
230,2023-04-08,24,free,27,1,1,4,0,17.7,Medium,0
231,2023-07-17,20,basic,20,0,0,2,0,17.6,Medium,0
232,2023-08-28,25,free,42,1,1,1,0,12.700000000000001,Medium,0
233,2023-05-24,8,basic,17,1,0,3,0,14.000000000000002,Medium,0
234,2023-04-07,2,free,35,0,0,0,0,5.3,Low,0
235,2023-07-20,19,basic,34,1,1,1,0,12.700000000000001,Medium,0
236,2023-05-04,24,premium,44,0,0,1,0,11.700000000000003,Medium,0
237,2023-07-06,25,free,8,1,0,4,0,23.8,High,0
238,2023-11-22,10,premium,37,1,0,2,0,8.5,Low,0
239,2023-12-15,5,free,29,0,0,2,0,8.9,Low,0
240,2023-09-16,1,premium,43,0,0,0,0,2.5,Low,0
241,2023-05-28,6,basic,33,1,0,3,0,8.4,Low,0
242,2023-09-09,17,basic,31,0,1,0,0,12.5,Medium,0
243,2023-12-12,26,basic,2,1,0,1,1,25.099999999999998,High,1
244,2023-05-27,1,premium,2,1,1,1,0,15.1,Medium,0
245,2023-05-28,26,free,27,1,0,2,0,17.900000000000002,Medium,0
246,2023-12-18,16,free,43,0,0,3,0,9.4,Low,0
247,2023-07-18,10,basic,14,1,1,4,0,15.999999999999998,Medium,0
248,2023-11-04,26,premium,40,1,1,3,0,14.3,Medium,0
249,2023-05-08,11,basic,22,0,0,1,0,13.100000000000001,Medium,0
250,2023-02-08,26,basic,39,1,1,4,0,14.899999999999999,Medium,0
251,2023-12-04,18,free,10,1,1,3,0,20.099999999999998,High,0
252,2023-12-26,21,premium,47,1,1,3,0,10.200000000000001,Medium,0
253,2023-05-09,23,free,31,0,1,4,0,16.1,Medium,0
254,2023-09-24,24,basic,35,1,0,1,0,14.400000000000002,Medium,0
255,2023-05-31,6,free,32,0,0,3,0,8.7,Low,0
256,2023-10-25,19,free,23,0,1,4,0,16.9,Medium,0
257,2023-04-09,5,free,38,1,0,1,0,5.8999999999999995,Low,0
258,2023-09-20,20,free,33,1,1,4,0,14.299999999999999,Medium,0
259,2023-09-09,23,basic,27,0,0,4,0,17.3,Medium,0
260,2023-05-24,0,free,36,0,0,3,0,5.1,Low,0
261,2023-12-12,16,free,6,0,1,1,0,19.900000000000002,Medium,0
262,2023-04-22,28,free,3,0,0,3,1,26.2,High,1
263,2023-03-01,10,free,36,0,1,0,0,8.2,Low,0
264,2023-01-02,21,free,0,0,1,0,1,23.4,High,1
265,2023-10-31,25,free,0,1,1,1,1,25.3,High,1
266,2023-09-11,27,basic,46,1,1,4,0,13.2,Medium,0
267,2023-05-20,17,basic,19,1,1,3,0,17.0,Medium,0
268,2023-02-06,20,basic,18,1,1,3,0,18.5,Medium,0
269,2023-06-09,16,free,28,0,1,1,0,13.3,Medium,0
270,2023-01-09,6,free,9,1,0,1,0,15.0,Medium,0
271,2023-08-21,16,premium,17,1,0,0,0,16.3,Medium,0
272,2023-04-09,19,basic,27,1,0,2,0,15.1,Medium,0
273,2023-05-27,8,free,34,1,0,1,0,8.3,Low,0
274,2023-10-31,16,free,42,1,1,2,0,9.4,Low,0
275,2023-07-27,19,free,46,1,1,1,0,9.100000000000001,Low,0
276,2023-05-11,21,free,30,0,1,4,0,15.6,Medium,0
277,2023-06-01,21,free,26,1,0,4,0,16.8,Medium,0
278,2023-02-23,27,basic,10,1,1,0,0,22.8,High,0
279,2023-04-30,28,basic,48,1,0,0,0,11.8,Medium,0
280,2023-06-10,7,basic,48,1,1,2,0,4.0,Low,0
281,2023-04-26,16,basic,37,0,1,1,0,10.600000000000001,Medium,0
282,2023-03-16,6,premium,4,0,0,3,0,17.099999999999998,Medium,0
283,2023-04-23,0,basic,7,1,0,0,0,12.9,Medium,0
284,2023-04-14,12,premium,33,1,0,3,0,10.8,Medium,0
285,2023-12-06,29,free,47,1,1,3,0,13.400000000000002,Medium,0
286,2023-09-11,22,free,11,0,1,1,0,20.8,High,0
287,2023-08-15,18,free,37,0,1,2,0,11.7,Medium,0
288,2023-04-22,26,basic,0,1,0,1,1,25.7,High,1
289,2023-04-09,23,premium,30,1,0,0,0,15.200000000000001,Medium,0
290,2023-06-02,18,free,3,1,1,3,1,22.2,High,1
291,2023-12-15,29,premium,48,1,1,1,0,12.500000000000002,Medium,0
292,2023-12-04,29,free,44,1,0,1,0,13.700000000000003,Medium,0
293,2023-07-13,28,premium,49,0,0,1,0,11.800000000000002,Medium,0
294,2023-11-06,16,free,4,1,1,0,1,20.2,High,0
295,2023-06-12,12,free,29,1,0,2,0,11.700000000000001,Medium,0
296,2023-07-27,28,free,23,1,0,1,0,19.6,Medium,0
297,2023-06-18,29,free,2,1,0,0,1,26.0,High,1
298,2023-06-10,15,free,10,1,1,3,0,18.9,Medium,0
299,2023-03-09,7,free,44,0,1,4,0,5.8,Low,0
300,2023-10-16,18,premium,3,1,1,0,1,21.3,High,1
301,2023-10-04,17,basic,25,0,1,4,0,15.5,Medium,0
302,2023-10-31,0,free,26,1,1,1,0,7.499999999999999,Low,0
303,2023-05-15,13,basic,45,0,0,1,0,7.0,Low,0
304,2023-07-14,18,basic,42,0,1,0,0,9.6,Low,0
305,2023-05-08,14,free,26,1,0,4,0,14.0,Medium,0
306,2023-02-02,17,free,41,0,1,1,0,9.8,Low,0
307,2023-06-25,1,free,49,1,0,3,0,1.5999999999999999,Low,0
308,2023-01-22,21,free,5,1,0,2,0,22.5,High,0
309,2023-08-26,27,basic,14,0,0,2,0,22.200000000000003,High,0
310,2023-06-07,16,free,29,1,0,1,0,13.0,Medium,0
311,2023-02-07,17,basic,41,1,0,4,0,10.7,Medium,0
312,2023-08-18,29,basic,36,1,0,1,0,16.1,Medium,0
313,2023-12-31,5,free,36,0,1,4,0,7.4,Low,0
314,2023-02-20,18,basic,41,0,0,3,0,10.8,Medium,0
315,2023-09-21,3,free,36,0,1,4,0,6.6000000000000005,Low,0
316,2023-10-10,0,premium,34,0,1,1,0,5.1,Low,0
317,2023-01-27,7,free,22,0,1,3,0,12.100000000000001,Medium,0
318,2023-08-14,28,premium,5,1,1,0,0,24.700000000000003,High,1
319,2023-10-04,22,basic,3,1,1,2,1,23.5,High,1
320,2023-10-13,6,free,17,1,0,1,0,12.600000000000001,Medium,0
321,2023-04-07,2,basic,8,1,0,1,0,13.700000000000001,Medium,0
322,2023-10-11,9,premium,48,0,0,1,0,4.5,Low,0
323,2023-11-13,9,basic,28,0,1,3,0,11.1,Medium,0
324,2023-10-31,18,premium,12,0,1,0,0,18.6,Medium,0
325,2023-05-27,13,premium,46,0,0,4,0,7.6000000000000005,Low,0
326,2023-01-04,1,free,16,1,0,0,0,10.6,Medium,0
327,2023-02-04,27,free,44,1,1,3,0,13.500000000000002,Medium,0
328,2023-07-11,0,basic,31,0,0,1,0,6.0,Low,0
329,2023-02-18,22,free,47,0,1,2,0,10.3,Medium,0
330,2023-01-17,22,premium,21,1,1,1,0,17.8,Medium,0
331,2023-06-21,27,premium,3,1,1,4,1,26.099999999999998,High,1
332,2023-08-08,17,free,4,0,1,2,1,21.200000000000003,High,0
333,2023-06-07,6,free,36,1,1,1,0,6.9,Low,0
334,2023-02-15,28,basic,40,1,0,2,0,14.8,Medium,0
335,2023-01-06,7,free,48,0,1,0,0,3.4000000000000004,Low,0
336,2023-04-09,0,premium,12,0,1,3,0,12.3,Medium,0
337,2023-08-21,24,free,33,1,0,1,0,15.000000000000002,Medium,0
338,2023-02-06,22,basic,44,1,0,4,0,11.8,Medium,0
339,2023-10-07,2,free,21,1,0,0,0,9.5,Low,0
340,2023-12-15,23,basic,22,0,0,1,0,17.900000000000002,Medium,0
341,2023-10-29,22,free,2,0,1,0,1,23.2,High,1
342,2023-06-30,26,basic,41,1,1,4,0,14.299999999999999,Medium,0
343,2023-04-05,28,free,33,1,0,1,0,16.6,Medium,0
344,2023-04-09,7,basic,31,0,0,4,0,9.7,Low,0
345,2023-07-07,21,premium,44,1,1,2,0,10.799999999999999,Medium,0
346,2023-04-26,24,free,48,1,0,4,0,11.4,Medium,0
347,2023-07-10,14,free,20,1,0,2,0,15.200000000000001,Medium,0
348,2023-09-10,4,free,45,1,1,1,0,3.4,Low,0
349,2023-06-10,2,basic,43,1,1,2,0,3.5000000000000004,Low,0
350,2023-09-13,18,basic,20,1,0,1,0,16.5,Medium,0
351,2023-11-19,0,basic,43,1,0,1,0,2.4,Low,0
352,2023-05-08,27,free,10,0,0,3,0,23.7,High,0
353,2023-01-18,14,free,38,1,1,1,0,9.5,Low,0
354,2023-10-08,7,basic,3,0,1,2,0,17.5,Medium,0
355,2023-08-11,1,free,0,1,0,3,0,16.3,Medium,0
356,2023-02-23,2,premium,27,0,1,3,0,8.6,Low,0
357,2023-02-27,23,free,23,0,1,1,0,17.6,Medium,0
358,2023-11-19,13,basic,34,0,0,4,0,11.2,Medium,0
359,2023-12-26,23,free,12,0,0,4,0,21.8,High,0
360,2023-06-23,13,free,46,1,1,3,0,7.300000000000001,Low,0
361,2023-10-07,10,basic,33,1,0,1,0,9.4,Low,0
362,2023-04-24,15,basic,10,1,0,4,0,19.2,Medium,0
363,2023-10-15,3,premium,35,0,1,1,0,6.0,Low,0
364,2023-12-08,19,free,16,0,1,1,0,18.1,Medium,0
365,2023-05-31,4,free,34,0,1,3,0,7.300000000000001,Low,0
366,2023-05-07,21,basic,17,0,1,3,0,19.2,Medium,0
367,2023-06-04,20,basic,39,1,1,0,0,11.3,Medium,0
368,2023-09-30,13,free,21,0,0,4,0,15.099999999999998,Medium,0
369,2023-04-14,22,free,23,0,1,4,0,18.099999999999998,Medium,0
370,2023-10-26,15,free,18,0,0,4,0,16.8,Medium,0
371,2023-09-03,17,premium,36,0,0,2,0,11.6,Medium,0
372,2023-06-25,6,free,38,1,1,1,0,6.3,Low,0
373,2023-02-08,9,free,20,1,1,3,0,13.5,Medium,0
374,2023-06-19,6,free,7,0,0,4,0,16.5,Medium,0
375,2023-09-04,0,free,27,0,1,0,0,6.8999999999999995,Low,0
376,2023-01-26,22,free,4,0,0,4,1,23.8,High,1
377,2023-12-21,20,basic,16,0,0,1,0,18.5,Medium,0
378,2023-11-02,18,free,36,0,0,1,0,11.700000000000001,Medium,0
379,2023-01-13,15,premium,35,1,1,3,0,11.4,Medium,0
380,2023-11-12,28,free,18,1,1,2,0,21.400000000000002,High,0
381,2023-11-09,18,basic,26,1,0,3,0,15.299999999999999,Medium,0
382,2023-02-05,3,premium,33,1,1,4,0,7.5,Low,0
383,2023-06-22,28,basic,10,1,0,0,0,23.200000000000003,High,0
384,2023-01-20,27,basic,44,1,1,3,0,13.500000000000002,Medium,0
385,2023-11-17,17,free,46,1,0,2,0,8.6,Low,0
386,2023-09-21,1,free,11,1,0,3,0,13.0,Medium,0
387,2023-05-22,0,basic,20,0,1,1,0,9.3,Low,0
388,2023-05-23,14,premium,10,1,0,4,0,18.8,Medium,0
389,2023-04-02,4,basic,38,1,0,4,0,6.3999999999999995,Low,0
390,2023-12-20,19,basic,27,1,1,4,0,15.7,Medium,0
391,2023-11-18,10,basic,4,1,1,4,0,18.999999999999996,Medium,0
392,2023-10-15,9,free,16,1,0,4,0,14.999999999999998,Medium,0
393,2023-08-03,1,free,19,0,0,4,0,10.899999999999999,Medium,0
394,2023-12-08,2,basic,40,1,0,0,0,3.8,Low,0
395,2023-02-20,22,premium,45,0,1,2,0,10.9,Medium,0
396,2023-06-02,22,free,11,0,0,4,0,21.7,High,0
397,2023-07-05,11,basic,5,0,1,2,0,18.5,Medium,0
398,2023-03-04,19,free,16,1,1,4,0,19.0,Medium,0
399,2023-07-09,4,basic,18,0,0,3,0,12.1,Medium,0
400,2023-05-05,4,free,25,0,0,4,0,10.299999999999999,Medium,0
401,2023-05-30,5,free,47,1,0,1,0,3.1999999999999997,Low,0
402,2023-11-10,29,basic,43,0,0,0,0,13.700000000000001,Medium,0
403,2023-02-27,8,free,43,1,1,3,0,6.200000000000001,Low,0
404,2023-12-08,1,basic,31,1,0,3,0,7.0,Low,0
405,2023-11-01,20,basic,5,0,0,1,0,21.8,High,0
406,2023-06-29,11,premium,35,1,1,4,0,10.1,Medium,0
407,2023-06-19,2,free,37,0,0,0,0,4.7,Low,0
408,2023-11-22,19,free,10,1,1,3,0,20.5,High,0
409,2023-09-28,25,free,32,1,0,0,0,15.399999999999999,Medium,0
410,2023-02-23,21,premium,23,1,1,3,0,17.4,Medium,0
411,2023-04-11,11,premium,22,1,1,4,0,14.0,Medium,0
412,2023-09-21,23,basic,14,0,1,3,0,20.9,High,0
413,2023-02-22,16,premium,26,0,1,3,0,14.5,Medium,0
414,2023-03-01,9,basic,10,1,0,2,0,16.2,Medium,0
415,2023-04-18,29,basic,49,1,0,4,0,13.100000000000001,Medium,0
416,2023-01-05,23,free,16,1,1,1,0,19.7,Medium,0
417,2023-04-13,26,basic,13,1,1,1,0,21.8,High,0
418,2023-07-15,13,free,26,1,0,4,0,13.599999999999998,Medium,0
419,2023-09-19,22,premium,17,1,0,1,0,19.000000000000004,Medium,0
420,2023-12-31,16,basic,27,0,0,4,0,14.5,Medium,0
421,2023-12-16,17,basic,46,1,0,1,0,8.3,Low,0
422,2023-02-16,18,free,46,1,0,2,0,9.0,Low,0
423,2023-12-21,16,free,3,0,1,1,1,20.8,High,1
424,2023-11-07,13,free,6,1,0,3,0,19.299999999999997,Medium,0
425,2023-11-04,8,free,44,1,0,4,0,6.2,Low,0
426,2023-05-24,7,free,34,1,1,0,0,7.6,Low,0
427,2023-09-26,1,premium,47,0,1,0,0,1.2999999999999998,Low,0
428,2023-05-04,12,basic,8,0,1,4,0,18.599999999999998,Medium,0
429,2023-04-16,24,free,7,1,1,2,0,23.1,High,0
430,2023-06-07,6,free,44,1,0,1,0,4.5,Low,0
431,2023-05-27,8,free,16,0,1,2,0,13.999999999999998,Medium,0
432,2023-05-25,21,basic,16,0,1,0,0,18.6,Medium,0
433,2023-04-30,21,basic,48,1,0,4,0,10.2,Medium,0
434,2023-11-15,10,premium,32,0,1,4,0,10.599999999999998,Medium,0
435,2023-10-02,13,free,31,1,1,2,0,11.5,Medium,0
436,2023-04-02,3,premium,7,1,0,2,0,14.700000000000001,Medium,0
437,2023-02-27,25,premium,18,0,0,1,0,19.900000000000002,Medium,0
438,2023-12-12,25,free,37,1,0,3,0,14.8,Medium,0
439,2023-08-17,28,premium,2,0,0,3,1,26.5,High,1
440,2023-04-27,12,free,4,0,0,1,1,18.900000000000002,Medium,0
441,2023-11-14,1,premium,12,1,1,3,0,12.700000000000001,Medium,0
442,2023-10-06,22,free,46,1,0,0,0,10.0,Low,0
443,2023-05-07,4,premium,45,1,1,3,0,4.0,Low,0
444,2023-05-09,10,premium,30,1,1,1,0,10.3,Medium,0
445,2023-02-27,5,premium,15,0,1,3,0,13.4,Medium,0
446,2023-05-02,17,basic,49,0,1,4,0,8.3,Low,0
447,2023-01-01,20,free,31,0,0,2,0,14.299999999999999,Medium,0
448,2023-08-27,9,free,21,0,0,0,0,12.299999999999999,Medium,0
449,2023-10-17,3,free,28,0,1,4,0,9.0,Low,0
450,2023-04-06,8,free,21,0,1,4,0,13.099999999999998,Medium,0
451,2023-05-06,5,basic,42,1,1,1,0,4.7,Low,0
452,2023-04-28,1,free,2,1,0,2,0,15.399999999999999,Medium,0
453,2023-02-17,16,premium,9,1,1,2,0,19.3,Medium,0
454,2023-03-30,4,basic,41,1,0,0,0,4.3,Low,0
455,2023-08-25,24,premium,20,0,1,1,0,18.900000000000002,Medium,0
456,2023-09-29,5,free,15,0,1,0,0,12.5,Medium,0
457,2023-07-08,25,premium,11,1,0,3,0,22.599999999999998,High,0
458,2023-07-11,11,premium,1,1,1,4,1,20.3,High,1
459,2023-03-10,22,free,40,0,0,0,0,11.8,Medium,0
460,2023-10-05,20,basic,23,1,0,4,0,17.3,Medium,0
461,2023-12-15,9,basic,34,1,1,1,0,8.700000000000001,Low,0
462,2023-09-04,21,free,29,1,1,3,0,15.6,Medium,0
463,2023-03-17,20,basic,29,0,1,1,0,14.600000000000001,Medium,0
464,2023-06-03,26,free,46,1,1,3,0,12.5,Medium,0
465,2023-05-24,24,free,34,1,0,3,0,15.300000000000002,Medium,0
466,2023-03-27,5,free,18,1,1,4,0,12.799999999999999,Medium,0
467,2023-07-04,26,free,49,1,1,1,0,11.000000000000002,Medium,0
468,2023-10-12,7,free,7,1,0,1,0,16.0,Medium,0
469,2023-08-08,1,free,25,1,1,0,0,7.9,Low,0
470,2023-03-10,11,premium,48,0,0,1,0,5.3,Low,0
471,2023-02-16,12,basic,39,1,1,0,0,8.100000000000001,Low,0
472,2023-04-04,24,premium,6,1,0,2,0,23.400000000000002,High,0
473,2023-08-26,20,free,29,1,0,2,0,14.9,Medium,0
474,2023-07-23,6,free,6,0,0,2,0,16.2,Medium,0
475,2023-08-06,9,basic,2,0,1,1,0,18.3,Medium,0
476,2023-12-07,12,free,0,1,0,1,1,20.1,High,1
477,2023-02-08,16,free,35,1,0,0,0,10.9,Medium,0
478,2023-04-10,25,basic,24,1,1,3,0,18.7,Medium,0
479,2023-10-16,20,free,36,1,1,0,0,12.2,Medium,0
480,2023-09-11,27,basic,0,1,0,2,1,26.400000000000002,High,1
481,2023-08-10,29,basic,14,1,0,0,0,22.4,High,0
482,2023-12-23,25,free,36,1,0,3,0,15.1,Medium,0
483,2023-01-23,13,free,12,1,0,1,0,16.900000000000002,Medium,0
484,2023-09-07,1,basic,39,1,1,0,0,3.6999999999999997,Low,0
485,2023-01-10,27,free,7,0,1,2,0,24.300000000000004,High,0
486,2023-09-03,21,free,4,1,1,2,1,22.8,High,1
487,2023-11-21,10,premium,8,1,0,1,0,16.900000000000002,Medium,0
488,2023-04-10,0,free,0,0,1,0,0,15.0,Medium,0
489,2023-10-17,18,basic,35,0,1,3,0,12.6,Medium,0
490,2023-06-29,20,premium,34,0,1,1,0,13.100000000000001,Medium,0
491,2023-08-11,3,free,1,0,1,0,0,15.899999999999999,Medium,0
492,2023-09-07,18,free,39,0,1,4,0,11.7,Medium,0
493,2023-05-27,25,free,22,1,1,2,0,19.0,Medium,0
494,2023-04-06,28,free,8,1,0,3,0,24.7,High,0
495,2023-09-14,20,free,33,1,1,3,0,14.0,Medium,0
496,2023-11-21,10,basic,45,0,1,3,0,6.4,Low,0
497,2023-01-04,7,free,13,0,1,2,0,14.5,Medium,0
498,2023-01-16,10,basic,3,1,0,0,0,18.1,Medium,0
499,2023-10-07,3,premium,29,0,1,1,0,7.8,Low,0
500,2023-12-02,16,premium,30,1,1,0,0,12.4,Medium,0
501,2023-09-04,26,basic,37,1,0,1,0,14.600000000000001,Medium,0
502,2023-09-15,6,free,10,1,0,3,0,15.3,Medium,0
503,2023-06-09,7,basic,34,0,1,0,0,7.6,Low,0
504,2023-12-06,2,basic,7,1,1,3,0,14.600000000000001,Medium,0
505,2023-06-01,21,free,2,0,1,4,1,23.999999999999996,High,1
506,2023-06-27,1,free,13,1,0,3,0,12.4,Medium,0
507,2023-06-12,22,premium,12,1,1,3,0,21.1,High,0
508,2023-02-02,14,free,44,0,0,1,0,7.7,Low,0
509,2023-06-28,23,free,31,0,0,4,0,16.1,Medium,0
510,2023-04-11,21,free,33,0,0,3,0,14.4,Medium,0
511,2023-09-25,21,free,44,1,0,3,0,11.1,Medium,0
512,2023-11-19,4,premium,18,0,0,4,0,12.399999999999999,Medium,0
513,2023-03-06,23,basic,37,1,0,4,0,14.3,Medium,0
514,2023-06-17,0,basic,15,0,0,0,0,10.5,Medium,0
515,2023-11-26,25,free,1,1,0,1,1,25.0,High,1
516,2023-02-12,3,free,39,1,1,4,0,5.7,Low,0
517,2023-02-13,14,free,16,1,0,4,0,17.0,Medium,0
518,2023-10-12,19,free,33,1,0,2,0,13.299999999999999,Medium,0
519,2023-01-12,18,free,41,0,1,4,0,11.1,Medium,0
520,2023-04-05,2,basic,15,0,0,1,0,11.600000000000001,Medium,0
521,2023-10-29,19,free,37,1,1,3,0,12.4,Medium,0
522,2023-09-10,10,basic,1,0,0,3,0,19.599999999999998,Medium,1
523,2023-08-30,16,free,1,1,0,3,1,22.0,High,1
524,2023-02-04,29,free,25,0,1,3,0,20.0,Medium,0
525,2023-08-03,26,free,12,0,1,2,0,22.400000000000002,High,0
526,2023-12-03,12,premium,46,0,1,4,0,7.200000000000001,Low,0
527,2023-03-31,10,premium,30,1,1,3,0,10.9,Medium,0
528,2023-09-21,1,premium,33,0,1,0,0,5.5,Low,0
529,2023-04-03,8,free,38,1,0,3,0,7.699999999999999,Low,0
530,2023-03-31,25,free,2,0,0,4,1,25.599999999999998,High,1
531,2023-04-25,1,basic,7,1,0,3,0,14.200000000000001,Medium,0
532,2023-04-15,20,free,22,0,0,2,0,17.0,Medium,0
533,2023-07-15,8,premium,13,1,1,1,0,14.600000000000001,Medium,0
534,2023-11-10,8,free,26,1,1,1,0,10.7,Medium,0
535,2023-04-24,7,free,28,0,0,4,0,10.6,Medium,0
536,2023-03-16,16,free,38,1,1,1,0,10.3,Medium,0
537,2023-08-05,0,free,38,1,1,1,0,3.8999999999999995,Low,0
538,2023-10-04,24,basic,0,1,0,0,1,24.6,High,1
539,2023-09-06,28,free,16,1,0,4,0,22.599999999999998,High,0
540,2023-06-13,10,free,40,0,0,4,0,8.2,Low,0
541,2023-12-23,7,free,29,1,0,1,0,9.4,Low,0
542,2023-07-11,9,free,12,0,0,1,0,15.3,Medium,0
543,2023-08-15,24,basic,20,0,1,1,0,18.900000000000002,Medium,0
544,2023-06-26,6,premium,18,1,0,2,0,12.6,Medium,0
545,2023-04-09,2,premium,18,0,0,3,0,11.3,Medium,0
546,2023-02-05,2,basic,24,1,1,2,0,9.2,Low,0
547,2023-04-06,17,free,21,1,1,4,0,16.7,Medium,0
548,2023-06-01,4,basic,30,1,1,0,0,7.6,Low,0
549,2023-05-31,11,free,16,1,0,3,0,15.5,Medium,0
550,2023-07-09,11,free,22,0,0,0,0,12.8,Medium,0
551,2023-08-12,18,premium,31,0,1,4,0,14.1,Medium,0
552,2023-02-06,29,free,9,1,0,4,0,25.099999999999998,High,0
553,2023-09-25,5,premium,9,0,0,0,0,14.299999999999999,Medium,0
554,2023-07-02,1,free,35,0,1,0,0,4.9,Low,0
555,2023-01-13,11,basic,7,0,1,0,0,17.3,Medium,0
556,2023-10-06,18,basic,19,1,0,4,0,17.7,Medium,0
557,2023-08-05,4,premium,31,1,0,1,0,7.6000000000000005,Low,0
558,2023-12-21,11,basic,49,0,0,0,0,4.7,Low,0
559,2023-12-27,26,basic,13,1,0,3,0,22.4,High,0
560,2023-10-13,26,free,49,0,0,4,0,11.9,Medium,0
561,2023-09-30,16,basic,27,0,0,2,0,13.9,Medium,0
562,2023-03-03,28,free,45,1,0,2,0,13.3,Medium,0
563,2023-03-25,16,basic,23,1,1,3,0,15.4,Medium,0
564,2023-08-05,9,basic,14,1,1,1,0,14.7,Medium,0
565,2023-12-08,24,basic,21,0,1,0,0,18.3,Medium,0
566,2023-07-06,22,free,29,1,0,4,0,16.3,Medium,0
567,2023-01-19,16,free,3,1,0,0,1,20.5,High,1
568,2023-06-26,14,basic,12,1,0,4,0,18.2,Medium,0
569,2023-04-10,11,free,22,1,0,2,0,13.4,Medium,0
570,2023-08-21,29,free,7,1,0,0,0,24.5,High,0
571,2023-03-17,15,free,17,1,1,3,0,16.8,Medium,0
572,2023-09-22,23,premium,11,1,1,1,0,21.2,High,0
573,2023-10-11,18,basic,30,1,1,3,0,14.1,Medium,0
574,2023-07-25,7,free,13,1,0,1,0,14.200000000000001,Medium,0
575,2023-08-11,20,free,33,1,1,0,0,13.1,Medium,0
576,2023-02-21,16,free,17,1,0,0,0,16.3,Medium,0
577,2023-12-05,22,basic,33,0,0,1,0,14.200000000000001,Medium,0
578,2023-05-24,4,basic,10,0,0,2,0,14.2,Medium,0
579,2023-03-10,21,free,40,1,1,4,0,12.6,Medium,0
580,2023-04-09,15,free,11,1,1,3,0,18.599999999999998,Medium,0
581,2023-01-25,5,free,48,1,0,3,0,3.5,Low,0
582,2023-02-22,7,basic,14,0,1,3,0,14.5,Medium,0
583,2023-05-31,24,basic,30,1,1,0,0,15.600000000000001,Medium,0
584,2023-05-24,17,free,48,0,0,3,0,8.3,Low,0
585,2023-02-26,24,free,28,1,0,4,0,17.400000000000002,Medium,0
586,2023-02-08,11,free,25,1,0,4,0,13.1,Medium,0
587,2023-04-19,14,premium,17,1,1,1,0,15.8,Medium,0
588,2023-06-30,26,free,31,1,0,0,0,16.1,Medium,0
589,2023-02-11,25,basic,21,1,1,4,0,19.9,Medium,0
590,2023-07-05,8,basic,37,1,0,2,0,7.699999999999999,Low,0
591,2023-08-11,12,free,16,0,1,0,0,15.0,Medium,0
592,2023-05-02,25,free,22,1,0,0,0,18.4,Medium,0
593,2023-05-13,14,free,23,1,1,4,0,14.899999999999999,Medium,0
594,2023-06-12,9,basic,49,1,1,2,0,4.5,Low,0
595,2023-08-03,15,basic,7,0,1,1,0,19.2,Medium,0
596,2023-08-09,6,basic,40,1,1,4,0,6.6000000000000005,Low,0
597,2023-08-23,16,basic,5,0,0,2,0,20.5,High,0
598,2023-11-27,22,free,4,1,1,0,1,22.6,High,1
599,2023-05-26,25,premium,43,1,0,2,0,12.7,Medium,0
600,2023-08-27,20,basic,28,1,0,0,0,14.6,Medium,0
601,2023-03-17,21,free,27,1,1,4,0,16.5,Medium,0
602,2023-01-09,25,premium,10,0,0,4,0,23.2,High,0
603,2023-03-15,6,basic,0,0,1,3,0,18.299999999999997,Medium,1
604,2023-09-10,13,basic,42,1,1,3,0,8.5,Low,0
605,2023-08-18,14,basic,18,1,0,3,0,16.099999999999998,Medium,0
606,2023-01-07,20,premium,8,0,1,4,0,21.8,High,0
607,2023-06-23,6,basic,26,1,0,1,0,9.9,Low,0
608,2023-05-21,8,free,33,1,0,4,0,9.5,Low,0
609,2023-06-17,18,free,43,1,0,2,0,9.9,Low,0
610,2023-06-19,15,premium,3,1,1,4,1,21.3,High,0
611,2023-10-10,7,free,35,0,1,4,0,8.5,Low,0
612,2023-05-02,17,free,17,0,1,0,0,16.700000000000003,Medium,0
613,2023-07-13,26,free,14,1,1,0,0,21.2,High,0
614,2023-01-05,22,free,12,1,0,0,0,20.200000000000003,High,0
615,2023-01-29,28,basic,18,1,0,4,0,22.0,High,0
616,2023-06-14,17,premium,48,1,1,1,0,7.7,Low,0
617,2023-12-05,29,free,5,1,0,2,0,25.700000000000003,High,1
618,2023-05-16,19,free,47,1,0,2,0,9.1,Low,0
619,2023-12-31,6,free,11,1,0,1,0,14.4,Medium,0
620,2023-11-17,2,premium,36,1,1,1,0,5.3,Low,0
621,2023-12-08,17,basic,16,1,1,2,0,17.6,Medium,0
622,2023-05-25,26,free,22,0,0,3,0,19.7,Medium,0
623,2023-11-23,9,premium,25,1,0,0,0,11.1,Medium,0
624,2023-08-05,6,premium,28,0,1,0,0,9.0,Low,0
625,2023-10-28,16,premium,32,1,1,2,0,12.4,Medium,0
626,2023-05-12,13,premium,26,1,0,1,0,12.7,Medium,0
627,2023-10-19,23,free,24,1,1,3,0,17.9,Medium,0
628,2023-03-11,2,basic,9,0,0,2,0,13.7,Medium,0
629,2023-09-09,11,free,46,0,0,0,0,5.6000000000000005,Low,0
630,2023-10-02,27,premium,22,0,1,4,0,20.400000000000002,High,0
631,2023-12-30,12,basic,20,1,1,1,0,14.100000000000001,Medium,0
632,2023-07-01,1,basic,20,0,0,4,0,10.6,Medium,0
633,2023-06-16,2,basic,42,1,1,2,0,3.8000000000000003,Low,0
634,2023-04-01,4,free,12,1,1,0,0,13.0,Medium,0
635,2023-07-21,10,basic,36,1,1,3,0,9.1,Low,0
636,2023-12-12,7,premium,32,1,1,4,0,9.399999999999999,Low,0
637,2023-01-19,25,premium,23,0,1,3,0,19.0,Medium,0
638,2023-02-08,22,free,43,1,0,0,0,10.9,Medium,0
639,2023-05-06,22,free,10,1,0,4,0,22.0,High,0
640,2023-06-22,11,free,16,0,0,3,0,15.5,Medium,0
641,2023-05-21,6,basic,3,1,0,3,0,17.4,Medium,0
642,2023-08-30,14,premium,46,0,1,4,0,8.0,Low,0
643,2023-08-08,23,free,24,1,1,0,0,17.0,Medium,0
644,2023-05-06,16,basic,29,1,0,3,0,13.6,Medium,0
645,2023-02-27,3,premium,8,0,0,2,0,14.4,Medium,0
646,2023-05-28,28,basic,20,1,0,4,0,21.400000000000002,High,0
647,2023-11-13,21,basic,19,1,0,1,0,18.0,Medium,0
648,2023-12-27,24,basic,18,1,1,1,0,19.500000000000004,Medium,0
649,2023-01-01,12,basic,18,1,0,0,0,14.4,Medium,0
650,2023-12-14,17,free,11,1,1,2,0,19.1,Medium,0
651,2023-07-09,0,basic,36,0,1,3,0,5.1,Low,0
652,2023-07-10,15,basic,41,0,0,1,0,9.0,Low,0
653,2023-11-08,12,premium,16,0,0,0,0,15.0,Medium,0
654,2023-04-27,9,basic,36,1,0,2,0,8.4,Low,0
655,2023-05-14,11,basic,47,1,1,2,0,5.9,Low,0
656,2023-02-27,29,free,38,1,1,0,0,15.200000000000001,Medium,0
657,2023-02-13,1,free,27,1,0,0,0,7.3,Low,0
658,2023-06-22,22,free,40,0,1,3,0,12.700000000000001,Medium,0
659,2023-06-09,2,free,34,0,1,0,0,5.6,Low,0
660,2023-06-22,9,basic,46,0,0,3,0,5.699999999999999,Low,0
661,2023-11-13,1,premium,47,0,0,3,0,2.1999999999999997,Low,0
662,2023-10-30,29,free,17,0,1,4,0,22.7,High,0
663,2023-05-29,26,free,13,1,1,2,0,22.1,High,0
664,2023-03-21,22,premium,34,0,1,2,0,14.200000000000001,Medium,0
665,2023-08-01,12,free,43,0,1,2,0,7.5,Low,0
666,2023-07-22,12,basic,40,0,1,4,0,9.0,Low,0
667,2023-09-09,17,basic,6,0,0,3,0,20.9,High,0
668,2023-08-17,2,basic,40,1,1,3,0,4.699999999999999,Low,0
669,2023-06-13,26,free,12,1,1,0,0,21.8,High,0
670,2023-08-15,6,free,17,1,1,4,0,13.5,Medium,0
671,2023-05-27,13,basic,36,1,0,0,0,9.4,Low,0
672,2023-01-20,19,basic,12,0,0,4,0,20.2,High,0
673,2023-02-16,28,free,35,1,0,0,0,15.700000000000001,Medium,0
674,2023-08-21,29,basic,30,0,0,1,0,17.900000000000002,Medium,0
675,2023-11-01,16,free,1,0,0,2,1,21.700000000000003,High,1
676,2023-01-14,28,basic,15,0,1,2,0,22.300000000000004,High,0
677,2023-05-23,29,free,8,0,1,3,0,25.1,High,0
678,2023-01-01,20,premium,8,0,0,1,0,20.900000000000002,High,0
679,2023-02-23,11,free,37,0,1,2,0,8.9,Low,0
680,2023-09-16,24,free,10,1,0,3,0,22.5,High,0
681,2023-05-24,15,free,21,0,0,1,0,15.0,Medium,0
682,2023-01-12,23,free,32,0,0,2,0,15.200000000000001,Medium,0
683,2023-11-26,11,premium,35,1,1,0,0,8.9,Low,0
684,2023-08-12,14,premium,44,0,0,4,0,8.6,Low,0
685,2023-09-29,24,free,22,0,0,1,0,18.3,Medium,0
686,2023-12-24,9,free,44,1,0,3,0,6.300000000000001,Low,0
687,2023-06-05,29,basic,44,0,1,1,0,13.700000000000003,Medium,0
688,2023-01-08,24,premium,33,0,0,3,0,15.600000000000001,Medium,0
689,2023-05-02,6,basic,8,1,1,1,0,15.3,Medium,0
690,2023-12-14,19,free,23,0,1,3,0,16.599999999999998,Medium,0
691,2023-06-13,4,free,7,1,1,2,0,15.1,Medium,0
692,2023-03-31,0,basic,6,1,1,0,0,13.2,Medium,0
693,2023-05-16,29,free,35,0,0,2,0,16.700000000000003,Medium,0
694,2023-07-05,16,basic,17,1,0,0,0,16.3,Medium,0
695,2023-11-12,2,free,2,1,1,2,0,15.799999999999999,Medium,0
696,2023-06-27,12,basic,27,0,0,2,0,12.299999999999999,Medium,0
697,2023-01-28,13,free,5,1,1,1,0,19.0,Medium,0
698,2023-08-08,23,basic,43,0,1,4,0,12.5,Medium,0
699,2023-12-23,29,free,43,1,1,3,0,14.600000000000001,Medium,0
700,2023-02-10,17,basic,20,0,1,3,0,16.7,Medium,0
701,2023-08-16,3,free,27,1,1,3,0,9.0,Low,0
702,2023-07-11,17,basic,39,0,1,0,0,10.100000000000001,Medium,0
703,2023-05-25,29,basic,0,1,0,3,1,27.5,High,1
704,2023-07-20,4,basic,35,0,1,3,0,7.0,Low,0
705,2023-07-31,24,basic,20,1,0,1,0,18.900000000000002,Medium,0
706,2023-08-08,15,basic,42,1,0,2,0,9.0,Low,0
707,2023-08-28,0,premium,34,1,1,3,0,5.699999999999999,Low,0
708,2023-02-15,20,free,12,1,0,4,0,20.599999999999998,High,0
709,2023-02-04,13,premium,48,1,0,3,0,6.699999999999999,Low,0
710,2023-09-10,14,free,9,1,0,0,0,17.9,Medium,0
711,2023-03-23,8,free,43,1,1,0,0,5.300000000000001,Low,0
712,2023-09-13,14,free,46,0,1,0,0,6.800000000000001,Low,0
713,2023-07-16,16,free,9,1,1,3,0,19.599999999999998,Medium,0
714,2023-10-30,24,basic,45,1,0,1,0,11.400000000000002,Medium,0
715,2023-01-10,23,basic,12,1,1,4,0,21.8,High,0
716,2023-11-08,3,basic,36,1,1,3,0,6.300000000000001,Low,0
717,2023-10-13,11,basic,37,0,0,1,0,8.600000000000001,Low,0
718,2023-08-30,26,free,23,0,0,1,0,18.8,Medium,0
719,2023-09-08,25,free,1,1,0,3,1,25.599999999999998,High,1
720,2023-12-31,4,free,21,1,1,3,0,11.2,Medium,0
721,2023-01-05,28,free,16,1,1,1,0,21.7,High,0
722,2023-04-29,4,free,35,1,1,1,0,6.3999999999999995,Low,0
723,2023-10-16,10,free,13,1,0,1,0,15.4,Medium,0
724,2023-03-06,27,basic,9,0,1,3,0,24.0,High,0
725,2023-05-26,5,basic,34,1,1,1,0,7.1,Low,0
726,2023-08-12,6,premium,24,1,1,0,0,10.2,Medium,0
727,2023-08-27,23,premium,2,0,1,3,1,24.5,High,1
728,2023-06-26,13,basic,46,1,0,0,0,6.4,Low,0
729,2023-09-24,23,free,37,1,0,2,0,13.700000000000001,Medium,0
730,2023-12-07,10,basic,16,0,1,3,0,15.1,Medium,0
731,2023-10-09,29,basic,11,0,1,2,0,23.900000000000002,High,0
732,2023-03-04,12,free,23,1,1,1,0,13.200000000000001,Medium,0
733,2023-08-05,1,free,28,0,0,1,0,7.3,Low,0
734,2023-12-08,24,premium,42,1,1,4,0,13.200000000000001,Medium,0
735,2023-11-11,6,free,24,1,0,1,0,10.5,Medium,0
736,2023-10-10,19,basic,35,1,0,2,0,12.700000000000001,Medium,0
737,2023-06-26,3,basic,25,1,1,1,0,9.0,Low,0
738,2023-04-08,26,free,37,0,1,3,0,15.200000000000001,Medium,0
739,2023-04-15,7,free,0,1,0,1,0,18.1,Medium,1
740,2023-04-09,19,free,19,0,0,4,0,18.099999999999998,Medium,0
741,2023-11-07,28,free,27,1,0,1,0,18.400000000000002,Medium,0
742,2023-01-06,21,free,15,0,0,2,0,19.5,Medium,0
743,2023-07-16,20,premium,46,1,1,2,0,9.799999999999999,Low,0
744,2023-12-17,18,free,16,0,1,1,0,17.7,Medium,0
745,2023-05-13,12,basic,39,0,0,2,0,8.700000000000001,Low,0
746,2023-12-24,13,free,27,0,1,2,0,12.7,Medium,0
747,2023-09-16,9,premium,11,0,1,4,0,16.5,Medium,0
748,2023-01-23,10,free,26,1,1,3,0,12.1,Medium,0
749,2023-02-22,1,free,41,0,0,4,0,4.3,Low,0
750,2023-06-14,24,premium,46,1,1,0,0,10.8,Medium,0
751,2023-07-21,25,premium,29,1,0,4,0,17.5,Medium,0
752,2023-03-24,8,free,40,1,0,1,0,6.5,Low,0
753,2023-05-25,16,premium,33,0,0,3,0,12.4,Medium,0
754,2023-03-26,25,free,36,0,0,1,0,14.5,Medium,0
755,2023-03-19,2,free,5,1,0,0,0,14.3,Medium,0
756,2023-01-01,23,free,6,0,0,3,0,23.299999999999997,High,0
757,2023-02-20,5,free,31,0,0,2,0,8.3,Low,0
758,2023-06-22,4,basic,31,1,1,4,0,8.5,Low,0
759,2023-07-24,4,free,24,1,1,1,0,9.700000000000001,Low,0
760,2023-09-17,21,free,32,1,0,0,0,13.8,Medium,0
761,2023-10-15,14,basic,6,0,1,2,0,19.400000000000002,Medium,0
762,2023-02-03,22,basic,11,1,1,4,0,21.7,High,0
763,2023-12-14,16,free,15,0,1,2,0,17.5,Medium,0
764,2023-04-05,8,basic,15,0,0,4,0,14.899999999999999,Medium,0
765,2023-03-13,2,free,42,1,1,3,0,4.1,Low,0
766,2023-02-08,19,basic,35,0,1,2,0,12.700000000000001,Medium,0
767,2023-06-03,25,basic,12,0,1,2,0,22.0,High,0
768,2023-09-07,16,premium,6,0,0,2,0,20.200000000000003,High,0
769,2023-06-11,28,free,35,1,1,3,0,16.6,Medium,0
770,2023-04-28,26,free,46,1,1,0,0,11.6,Medium,0
771,2023-09-16,9,free,8,1,1,4,0,17.4,Medium,0
772,2023-11-02,2,free,31,1,0,2,0,7.1,Low,0
773,2023-09-25,17,free,10,0,0,3,0,19.7,Medium,0
774,2023-02-23,17,premium,7,1,1,0,0,19.700000000000003,Medium,0
775,2023-08-24,29,free,32,0,1,4,0,18.2,Medium,0
776,2023-08-10,16,free,22,0,0,3,0,15.700000000000001,Medium,0
777,2023-09-08,23,basic,24,1,1,4,0,18.2,Medium,0
778,2023-11-09,2,free,7,1,0,2,0,14.3,Medium,0
779,2023-04-22,2,basic,44,0,1,0,0,2.5999999999999996,Low,0
780,2023-09-12,5,free,21,0,1,3,0,11.6,Medium,0
781,2023-10-30,12,free,3,0,1,0,1,18.9,Medium,0
782,2023-07-26,23,free,39,0,1,2,0,13.1,Medium,0
783,2023-08-17,28,free,2,1,0,0,1,25.6,High,1
784,2023-12-07,14,premium,28,1,1,0,0,12.2,Medium,0
785,2023-03-07,24,free,40,1,0,1,0,12.900000000000002,Medium,0
786,2023-03-16,8,basic,28,1,1,0,0,9.8,Low,0
787,2023-04-13,3,free,33,0,1,4,0,7.5,Low,0
788,2023-07-11,13,free,33,1,1,3,0,11.200000000000001,Medium,0
789,2023-09-09,4,premium,27,1,0,1,0,8.8,Low,0
790,2023-08-14,1,free,12,1,1,3,0,12.700000000000001,Medium,0
791,2023-10-21,10,basic,14,1,0,3,0,15.7,Medium,0
792,2023-11-02,8,premium,22,1,0,2,0,12.200000000000001,Medium,0
793,2023-04-08,23,basic,43,0,1,2,0,11.9,Medium,0
794,2023-12-04,2,premium,25,1,0,1,0,8.600000000000001,Low,0
795,2023-10-13,26,free,3,0,1,2,1,25.1,High,1
796,2023-12-01,27,free,25,0,0,2,0,18.900000000000002,Medium,0
797,2023-12-13,28,free,39,0,0,2,0,15.1,Medium,0
798,2023-11-04,8,basic,8,0,1,3,0,16.7,Medium,0
799,2023-09-06,2,premium,4,1,1,1,0,14.9,Medium,0
800,2023-06-15,24,free,31,1,0,3,0,16.2,Medium,0
801,2023-12-01,1,basic,19,1,1,4,0,10.899999999999999,Medium,0
802,2023-01-30,11,free,49,1,1,3,0,5.6,Low,0
803,2023-09-04,9,basic,10,1,1,4,0,16.8,Medium,0
804,2023-04-16,8,free,14,0,0,0,0,14.0,Medium,0
805,2023-02-20,14,premium,31,0,1,0,0,11.3,Medium,0
806,2023-03-22,7,basic,27,1,1,4,0,10.899999999999999,Medium,0
807,2023-05-13,24,free,21,1,1,4,0,19.5,Medium,0
808,2023-10-12,4,free,40,1,0,3,0,5.5,Low,0
809,2023-05-18,10,free,16,0,1,4,0,15.399999999999999,Medium,0
810,2023-07-03,26,free,25,0,1,1,0,18.2,Medium,0
811,2023-11-26,1,free,43,1,1,0,0,2.5,Low,0
812,2023-09-30,23,premium,6,0,0,0,0,22.4,High,0
813,2023-12-06,27,basic,41,0,1,4,0,14.7,Medium,0
814,2023-03-10,14,basic,25,1,1,2,0,13.700000000000001,Medium,0
815,2023-02-03,5,free,24,0,0,2,0,10.4,Medium,0
816,2023-09-19,7,premium,9,1,0,4,0,16.3,Medium,0
817,2023-02-22,26,basic,44,0,1,1,0,12.5,Medium,0
818,2023-07-24,4,free,18,0,0,2,0,11.799999999999999,Medium,0
819,2023-05-06,15,basic,10,0,1,4,0,19.2,Medium,0
820,2023-08-23,25,basic,12,1,1,1,0,21.7,High,0
821,2023-02-12,17,free,7,0,1,1,0,20.000000000000004,High,0
822,2023-08-28,5,free,39,1,0,3,0,6.199999999999999,Low,0
823,2023-04-21,4,free,3,0,0,1,0,16.0,Medium,0
824,2023-09-06,27,free,46,1,1,2,0,12.6,Medium,0
825,2023-05-31,15,premium,30,0,0,2,0,12.6,Medium,0
826,2023-07-02,12,premium,27,1,1,4,0,12.899999999999999,Medium,0
827,2023-12-02,27,basic,10,1,0,4,0,24.0,High,0
828,2023-04-05,4,free,42,1,0,1,0,4.3,Low,0
829,2023-01-08,12,free,0,0,0,0,1,19.8,Medium,1
830,2023-12-26,16,basic,48,0,1,3,0,7.9,Low,0
831,2023-07-03,17,basic,46,0,1,0,0,8.0,Low,0
832,2023-10-08,7,free,37,1,0,1,0,7.0,Low,0
833,2023-07-14,12,basic,23,1,0,1,0,13.200000000000001,Medium,0
834,2023-12-18,29,premium,46,1,0,0,0,12.8,Medium,0
835,2023-07-14,28,free,30,0,1,3,0,18.1,Medium,0
836,2023-06-04,18,free,40,0,0,0,0,10.2,Medium,0
837,2023-04-03,25,basic,45,0,1,4,0,12.7,Medium,0
838,2023-06-09,2,free,49,1,1,2,0,1.7000000000000002,Low,0
839,2023-03-02,23,free,25,1,1,4,0,17.900000000000002,Medium,0
840,2023-05-02,7,free,48,1,0,2,0,4.0,Low,0
841,2023-02-20,1,free,49,0,1,1,0,1.0,Low,0
842,2023-10-04,7,basic,4,1,0,3,0,17.499999999999996,Medium,0
843,2023-01-05,26,basic,19,1,0,0,0,19.7,Medium,0
844,2023-04-02,12,free,40,0,1,3,0,8.700000000000001,Low,0
845,2023-06-19,12,premium,10,1,1,0,0,16.8,Medium,0
846,2023-11-13,0,premium,32,1,0,4,0,6.6,Low,0
847,2023-01-22,5,premium,49,1,0,4,0,3.5,Low,0
848,2023-11-22,23,free,37,1,1,0,0,13.100000000000001,Medium,0
849,2023-01-01,18,free,26,0,0,3,0,15.299999999999999,Medium,0
850,2023-05-13,15,premium,33,0,1,0,0,11.1,Medium,0
851,2023-08-21,7,basic,14,1,1,1,0,13.9,Medium,0
852,2023-01-12,27,free,31,0,0,4,0,17.7,Medium,0
853,2023-12-12,0,free,20,1,0,1,0,9.3,Low,0
854,2023-02-15,26,free,45,1,0,4,0,13.1,Medium,0
855,2023-02-03,26,premium,4,1,1,4,1,25.4,High,1
856,2023-03-19,15,basic,5,1,1,2,0,20.1,High,0
857,2023-08-06,8,free,37,0,0,1,0,7.3999999999999995,Low,0
858,2023-10-28,12,free,21,0,1,1,0,13.8,Medium,0
859,2023-03-14,10,basic,17,0,1,2,0,14.5,Medium,0
860,2023-10-09,12,premium,13,1,0,3,0,16.8,Medium,0
861,2023-09-06,24,free,9,0,1,1,0,22.2,High,0
862,2023-02-16,20,basic,45,0,0,0,0,9.5,Low,0
863,2023-05-01,9,premium,12,1,0,2,0,15.6,Medium,0
864,2023-08-02,3,free,30,1,0,1,0,7.5,Low,0
865,2023-08-27,26,basic,29,0,0,3,0,17.599999999999998,Medium,0
866,2023-02-25,5,free,2,0,0,1,0,16.7,Medium,0
867,2023-12-16,27,basic,29,1,0,4,0,18.3,Medium,0
868,2023-04-17,6,basic,5,0,1,0,0,15.9,Medium,0
869,2023-11-15,4,basic,28,0,1,2,0,8.799999999999999,Low,0
870,2023-02-17,10,basic,7,0,1,4,0,18.099999999999998,Medium,0
871,2023-03-02,12,free,43,1,0,3,0,7.800000000000001,Low,0
872,2023-12-03,25,premium,44,0,0,4,0,13.0,Medium,0
873,2023-01-26,24,basic,42,1,0,4,0,13.200000000000001,Medium,0
874,2023-10-19,18,free,43,1,1,3,0,10.200000000000001,Medium,0
875,2023-09-14,22,basic,32,1,1,4,0,15.399999999999999,Medium,0
876,2023-01-08,9,basic,16,0,0,2,0,14.399999999999999,Medium,0
877,2023-04-23,9,free,47,1,0,1,0,4.8,Low,0
878,2023-12-21,10,premium,10,1,1,4,0,17.2,Medium,0
879,2023-09-10,20,premium,12,1,0,2,0,20.0,Medium,0
880,2023-06-29,29,free,49,1,0,1,0,12.200000000000003,Medium,0
881,2023-07-26,6,premium,10,1,1,1,0,14.700000000000001,Medium,0
882,2023-10-30,17,free,30,1,1,4,0,14.0,Medium,0
883,2023-05-07,3,free,27,1,0,2,0,8.7,Low,0
884,2023-02-25,1,free,43,1,0,4,0,3.7,Low,0
885,2023-08-02,13,premium,5,0,1,3,0,19.599999999999998,Medium,0
886,2023-01-14,12,basic,40,0,0,1,0,8.100000000000001,Low,0
887,2023-01-28,28,free,15,0,0,4,0,22.900000000000002,High,0
888,2023-03-19,11,free,3,1,0,1,1,18.8,Medium,0
889,2023-08-04,6,basic,34,1,0,2,0,7.8,Low,0
890,2023-12-31,1,free,47,1,0,0,0,1.2999999999999998,Low,0
891,2023-06-03,12,premium,25,1,1,4,0,13.5,Medium,0
892,2023-01-14,13,premium,11,1,0,4,0,18.099999999999998,Medium,0
893,2023-07-06,26,basic,10,1,0,1,0,22.7,High,0
894,2023-11-08,16,premium,36,0,1,2,0,11.200000000000001,Medium,0
895,2023-01-07,8,free,24,1,1,3,0,11.9,Medium,0
896,2023-01-03,16,premium,17,0,1,2,0,16.900000000000002,Medium,0
897,2023-04-21,7,basic,18,0,1,4,0,13.6,Medium,0
898,2023-08-26,1,basic,22,0,0,3,0,9.700000000000001,Low,0
899,2023-12-29,27,free,37,0,1,2,0,15.3,Medium,0
900,2023-08-27,23,premium,17,1,0,0,0,19.1,Medium,0
901,2023-10-01,12,free,25,1,1,1,0,12.600000000000001,Medium,0
902,2023-10-21,2,free,5,0,0,2,0,14.9,Medium,0
903,2023-08-15,15,free,3,1,1,2,1,20.700000000000003,High,0
904,2023-01-15,5,basic,43,1,1,0,0,4.1,Low,0
905,2023-07-11,18,basic,28,0,0,4,0,15.0,Medium,0
906,2023-04-29,29,basic,33,1,1,1,0,17.000000000000004,Medium,0
907,2023-01-28,6,premium,16,0,1,2,0,13.2,Medium,0
908,2023-07-21,9,free,42,1,1,3,0,6.9,Low,0
909,2023-02-08,8,basic,42,1,0,2,0,6.199999999999999,Low,0
910,2023-09-30,1,free,15,0,1,1,0,11.200000000000001,Medium,0
911,2023-08-19,27,premium,1,0,0,2,1,26.1,High,1
912,2023-03-27,27,premium,33,1,0,0,0,15.9,Medium,0
913,2023-05-06,14,basic,7,1,0,2,0,19.1,Medium,0
914,2023-10-27,29,basic,12,0,0,2,0,23.6,High,0
915,2023-01-25,4,free,41,1,1,3,0,5.199999999999999,Low,0
916,2023-05-25,28,free,7,1,0,0,0,24.1,High,0
917,2023-01-13,21,premium,29,1,1,0,0,14.7,Medium,0
918,2023-07-31,3,free,31,1,0,2,0,7.5,Low,0
919,2023-01-25,19,free,35,1,0,3,0,13.000000000000002,Medium,0
920,2023-03-09,3,free,46,1,0,2,0,3.0000000000000004,Low,0
921,2023-03-08,17,premium,29,1,0,2,0,13.700000000000001,Medium,0
922,2023-08-21,3,free,0,0,0,1,0,16.5,Medium,0
923,2023-04-19,26,free,42,0,0,1,0,13.100000000000001,Medium,0
924,2023-05-26,16,basic,38,0,1,3,0,10.9,Medium,0
925,2023-04-21,11,premium,16,1,0,4,0,15.799999999999999,Medium,0
926,2023-08-16,21,free,19,1,0,1,0,18.0,Medium,0
927,2023-04-21,16,free,23,0,0,4,0,15.7,Medium,0
928,2023-02-03,9,free,49,1,1,0,0,3.9,Low,0
929,2023-04-21,21,free,21,1,1,1,0,17.400000000000002,Medium,0
930,2023-09-21,0,free,28,0,0,1,0,6.8999999999999995,Low,0
931,2023-08-24,21,basic,21,1,0,3,0,18.0,Medium,0
932,2023-03-24,25,basic,43,0,0,4,0,13.299999999999999,Medium,0
933,2023-02-11,23,basic,8,0,1,1,0,22.1,High,0
934,2023-04-11,26,free,36,1,0,1,0,14.900000000000002,Medium,0
935,2023-01-06,17,premium,9,1,0,3,0,20.0,Medium,0
936,2023-06-29,17,free,35,0,0,3,0,12.200000000000001,Medium,0
937,2023-10-09,13,premium,36,1,0,4,0,10.6,Medium,0
938,2023-11-16,14,basic,27,1,0,0,0,12.5,Medium,0
939,2023-08-14,28,free,27,0,1,0,0,18.1,Medium,0
940,2023-11-11,11,basic,41,0,0,2,0,7.699999999999999,Low,0
941,2023-12-31,3,free,42,1,1,1,0,3.9,Low,0
942,2023-08-17,26,basic,20,0,0,4,0,20.599999999999998,High,0
943,2023-10-16,2,free,23,1,0,1,0,9.200000000000001,Low,0
944,2023-05-30,19,free,41,1,1,4,0,11.5,Medium,0
945,2023-10-04,28,premium,39,1,0,4,0,15.7,Medium,0
946,2023-07-17,11,free,1,0,1,4,1,20.3,High,1
947,2023-03-11,6,premium,7,1,1,1,0,15.600000000000001,Medium,0
948,2023-04-22,28,free,47,1,0,3,0,13.000000000000002,Medium,0
949,2023-01-04,10,basic,26,0,1,1,0,11.5,Medium,0
950,2023-12-16,0,basic,21,0,0,4,0,9.899999999999999,Low,0
951,2023-11-27,5,basic,36,0,1,2,0,6.8,Low,0
952,2023-11-14,14,free,26,1,0,0,0,12.8,Medium,0
953,2023-12-16,14,free,28,1,1,4,0,13.399999999999999,Medium,0
954,2023-04-05,18,free,2,0,0,2,1,22.2,High,1
955,2023-06-01,10,free,43,1,1,3,0,7.0,Low,0
956,2023-11-07,25,basic,12,0,1,4,0,22.599999999999998,High,0
957,2023-05-17,22,premium,44,1,1,2,0,11.200000000000001,Medium,0
958,2023-09-04,25,premium,9,0,1,4,0,23.499999999999996,High,0
959,2023-08-31,1,basic,35,1,1,1,0,5.2,Low,0
960,2023-01-31,13,basic,8,1,1,2,0,18.400000000000002,Medium,0
961,2023-02-09,1,basic,26,1,0,1,0,7.8999999999999995,Low,0
962,2023-08-17,28,free,33,0,0,1,0,16.6,Medium,0
963,2023-02-05,3,premium,0,0,0,2,0,16.8,Medium,0
964,2023-08-11,16,basic,31,1,0,0,0,12.100000000000001,Medium,0
965,2023-01-06,2,basic,24,0,0,2,0,9.2,Low,0
966,2023-11-18,12,free,28,0,1,0,0,11.4,Medium,0
967,2023-08-08,8,free,6,0,0,4,0,17.599999999999998,Medium,0
968,2023-03-16,6,free,48,1,1,4,0,4.2,Low,0
969,2023-01-04,14,premium,2,1,0,2,1,20.6,High,1
970,2023-12-01,22,basic,19,1,0,4,0,19.3,Medium,0
971,2023-05-14,28,free,19,0,1,3,0,21.4,High,0
972,2023-04-28,28,premium,29,0,1,1,0,17.8,Medium,0
973,2023-04-04,10,free,34,1,1,1,0,9.100000000000001,Low,0
974,2023-03-03,19,free,34,1,1,0,0,12.4,Medium,0
975,2023-07-13,1,free,48,0,0,4,0,2.2,Low,0
976,2023-12-01,14,basic,38,1,1,0,0,9.2,Low,0
977,2023-07-22,13,premium,26,0,0,1,0,12.7,Medium,0
978,2023-01-26,19,free,25,1,0,1,0,15.400000000000002,Medium,0
979,2023-06-22,21,premium,13,0,0,4,0,20.7,High,0
980,2023-10-27,10,free,16,1,0,3,0,15.1,Medium,0
981,2023-05-13,26,premium,17,1,0,3,0,21.2,High,0
982,2023-11-22,2,basic,44,1,1,4,0,3.8,Low,0
983,2023-04-28,16,premium,28,0,1,4,0,14.2,Medium,0
984,2023-11-20,29,free,19,1,0,0,0,20.9,High,0
985,2023-10-02,11,premium,26,1,0,4,0,12.799999999999999,Medium,0
986,2023-07-31,23,basic,17,0,0,3,0,20.0,Medium,0
987,2023-08-13,27,free,3,1,0,4,1,26.099999999999998,High,1
988,2023-01-20,28,premium,0,1,1,0,1,26.200000000000003,High,1
989,2023-04-23,20,free,49,1,0,0,0,8.3,Low,0
990,2023-05-20,14,premium,0,1,1,0,1,20.6,High,1
991,2023-02-16,15,free,25,0,0,0,0,13.5,Medium,0
992,2023-01-01,4,basic,44,1,1,2,0,4.0,Low,0
993,2023-03-31,26,basic,19,0,0,4,0,20.9,High,0
994,2023-05-22,19,free,22,1,1,1,0,16.3,Medium,0
995,2023-11-16,5,free,9,1,0,4,0,15.499999999999998,Medium,0
996,2023-02-07,18,free,10,1,1,2,0,19.8,Medium,0
997,2023-10-20,24,free,40,0,0,0,0,12.600000000000001,Medium,0
998,2023-05-19,4,free,40,0,0,2,0,5.199999999999999,Low,0
999,2023-12-22,2,basic,4,1,1,3,0,15.5,Medium,0
1000,2023-11-29,26,free,0,1,1,3,1,26.299999999999997,High,1
